Name	Type
importAlias	Decl -> Maybe Name RecSel Left Decl
importHiding	Decl -> Bool RecSel Left Decl
importItems	Decl -> Maybe[ImportItem]RecSel Left Decl
importModule	Decl -> Name RecSel Left Decl
importQualified	Decl -> Bool RecSel Left Decl
sqlExprs	SQLInfo -> [Expr]RecSel Left SQLInfo
sqlText	SQLInfo -> String RecSel Left SQLInfo
sqlVars	SQLInfo -> [String]RecSel Left SQLInfo
importName	Import -> Name RecSel Left Import
moduleDecls	Module -> [Decl]RecSel Left Module
moduleImports	Module -> [Import]RecSel Left Module
moduleName	Parser String
classDecl	Parser Decl
classDecl1	[Token] -> Maybe (Decl,[Token])
classDecl2	[Token] -> Maybe (Decl,[Token])
classDecl3	[Token] -> Maybe (Decl,[Token])
classDecl4	[Token] -> Maybe (Decl,[Token])
classDecl6	[Char]
classDecl_kw	String
decl	Parser Decl
declBody	Parser Decl
declDispatch	Parser Decl
declMany	Parser[Decl]
declMany1	[Token] -> Maybe ([Decl],[Token])
instanceDecl	Parser Decl
instanceDecl1	[Token] -> Maybe (Decl,[Token])
program	Parser[Decl]
program1	[Token] -> Maybe ([Decl],[Token])
skipVNlExpr	Parser Decl
skipVNlExpr1	[Token] -> Maybe (Decl,[Token])
skipVNlExpr2	[Token] -> Maybe (Token,[Token])
valueDecl	Parser Decl
valueDecl1	[Token] -> Maybe (Decl,[Token])
dataDecl	Parser Decl
dataDecl1	[Token] -> Maybe (Decl,[Token])
funDecl	Parser Decl
funDecl1	[Token] -> Maybe (Decl,[Token])
funDecl2	[Token] -> Maybe (Decl,[Token])
importDecl	Parser Decl
importDecl1	[Token] -> Maybe (Decl,[Token])
exportList	Parser[Export]
moduleDecl	Parser Decl
moduleDecl1	[Token] -> Maybe (Decl,[Token])
moduleDecl2	[Token] -> Maybe (Export,[Token])
moduleDecl_kw	String
newtypeDecl	Parser Decl
newtypeDecl1	[Token] -> Maybe (Decl,[Token])
typeDecl	Parser Decl
typeDecl1	[Token] -> Maybe (Decl,[Token])
typeSigDecl	Parser Decl
typeSigDecl1	[Token] -> Maybe (Decl,[Token])
isControlToken	Token -> Bool
moduleName1	[Token] -> Maybe (String,[Token])
moduleName3	[Token] -> Maybe (String,[Token])
moduleName5	[Char]
moduleName_a1	String
moduleName_t	Token
moduleName_xs	[Char]
parensI	Parser a -> Parser a
sepBy1Skip	Parser a -> Parser sep -> Parser[a]
sepBy1Skip1	Parser a -> Parser sep -> [Token] -> Maybe ([a],[Token])
sepBy1Skip2	[Token] -> Maybe ((),[Token])
skipBlk	Parser ()
skipBlk1	[Token] -> Maybe ((),[Token])
skipBlk2	[Char]
skipBlk_t	Token
skipControlTokens	Parser ()
skipControlTokens1	[Token] -> Maybe ((),[Token])
tokdot	Parser String
typeExpr	Parser Type
typeExpr1	[Token] -> Maybe (Type,[Token])
go	LayoutStack -> [Token] -> [Token]
layoutTransform	[Token] -> [Token]
layoutLexer	[Token] -> [Token]
runLexer	String -> [Token]
slexer	String -> [Token]
column	SourcePos -> Int RecSel Left SourcePos
line	SourcePos -> Int RecSel Left SourcePos
token	Token -> Parser Token
tokenPos	LocatedToken -> SourcePos RecSel Left LocatedToken
between	Parser open -> Parser close -> Parser a -> Parser a
between1	Parser open -> Parser close -> Parser a -> [Token] -> Maybe (a,[Token])
chainl1	Parser a -> Parser (a -> a -> a) -> Parser a
chainl2	Parser a -> Parser (a -> a -> a) -> [Token] -> Maybe (a,[Token])
chainr1	Parser a -> Parser (a -> a -> a) -> Parser a
chainr2	Parser a -> Parser (a -> a -> a) -> [Token] -> Maybe (a,[Token])
choice	[Parser a] -> Parser a
choice1	Parser a -> Parser a -> Parser a
choice2	[Parser a] -> [Token] -> Maybe (a,[Token])
choice3	Parser a -> Parser a -> [Token] -> Maybe (a,[Token])
getRemainingCount	Parser Int
getRemainingCount1	[Token] -> Maybe (Int,[Token])
lookAhead	Parser a -> Parser a
lookAhead1	Parser a -> [Token] -> Maybe (a,[Token])
many1	Parser a -> Parser[a]
many2	Parser a -> [Token] -> Maybe ([a],[Token])
manyTill	Parser a -> Parser end -> Parser[a]
manyTill1	Parser a -> Parser end -> [Token] -> Maybe ([a],[Token])
option	a -> Parser a -> Parser a
option1	a -> Parser a -> [Token] -> Maybe (a,[Token])
runParser	Parser a -> [Token] -> Maybe (a,[Token]) RecSel Left Parser
runParser1	Parser a -> Parser a
runWithDebug	Parser a -> [Token] -> IO ()
satisfy	(Token -> Bool) -> Parser Token
satisfy1	(Token -> Bool) -> [Token] -> Maybe (Token,[Token])
satisfyMap	(Token -> Maybe a) -> Parser a
satisfyMap1	(Token -> Maybe a) -> [Token] -> Maybe (a,[Token])
sepBy	Parser a -> Parser sep -> Parser[a]
sepBy1	Parser a -> Parser sep -> Parser[a]
sepBy2	Parser a -> Parser sep -> [Token] -> Maybe ([a],[Token])
sepBy3	Parser a -> Parser sep -> [Token] -> Maybe ([a],[Token])
sepEndBy	Parser a -> Parser sep -> Parser[a]
sepEndBy1	Parser a -> Parser sep -> Parser[a]
sepEndBy2	Parser a -> Parser sep -> [Token] -> Maybe ([a],[Token])
sepEndBy3	Parser a -> Parser sep -> [Token] -> Maybe ([a],[Token])
skipMany	Parser a -> Parser ()
skipMany1	Parser a -> Parser ()
skipMany2	Parser a -> [Token] -> Maybe ((),[Token])
skipMany3	Parser a -> [Token] -> Maybe ((),[Token])
token1	Token -> [Token] -> Maybe (Token,[Token])
tokens	[Token] -> Parser[Token]
tokens1	[Token] -> [Token] -> Maybe ([Token],[Token])
try	Parser a -> Parser a
try1	Parser a -> [Token] -> Maybe (a,[Token])
parseExpr	[Token] -> Maybe (Expr,[Token])
toplevel	Parser (String, Expr)
toplevel1	[Token] -> Maybe ((String, Expr),[Token])
aliasName	Parser String
aliasName1	[Token] -> Maybe (String,[Token])
aliasName3	[Token] -> Maybe (Token,[Token])
aliasName4	[Char]
aliasName6	[Token] -> Maybe (String,[Token])
aliasName_t	Token
aliasName_xs	[Char]
anyToken	Parser Token
anyToken1	[Token] -> Maybe (Token,[Token])
binOp	[String] -> Parser (Expr -> Expr -> Expr)
binOp1	[String] -> [Token] -> Maybe (Expr -> Expr -> Expr,[Token])
binOp2	Eq String
bracedBlock	Parser a -> Parser[a]
braces	Parser a -> Parser a
braces1	String -> [Token] -> Maybe ((),[Token])
bracesB	Parser a -> Parser a
bracesV	Parser b -> Parser b
bracesV1	Parser b -> [Token] -> Maybe (b,[Token])
bracesVO	Parser a -> Parser a
bracesVO1	Parser a -> [Token] -> Maybe (a,[Token])
bracesVO2	Parser a -> [Token] -> Maybe (a,[Token])
bracesv	Parser a -> Parser a
brackets	Parser a -> Parser a
charLiteralExpr	Parser Char
charLiteralExpr1	[Token] -> Maybe (Char,[Token])
eof	Parser ()
eof1	[Token] -> Maybe ((),[Token])
ident	Parser String
ident1	[Token] -> Maybe (String,[Token])
identI	Parser String
identI1	[Token] -> Maybe (String,[Token])
int	Parser Int
int1	[Token] -> Maybe (Int,[Token])
isEOF	Parser Bool
isEOF1	[Token] -> Maybe (Bool,[Token])
isSymbolName	String -> Bool
keyword	String -> Parser ()
keyword1	String -> [Token] -> Maybe ((),[Token])
name	Parser String
name1	[Token] -> Maybe (String,[Token])
name2	[Char]
newline	Parser ()
newline1	[Token] -> Maybe ((),[Token])
notFollowedBy	Parser a -> Parser ()
notFollowedBy1	Parser a -> [Token] -> Maybe ((),[Token])
operator	Parser BinOp
operator1	[Token] -> Maybe (BinOp,[Token])
operator10	[Parser BinOp]
operator11	[Parser BinOp]
operator12	[Parser BinOp]
operator13	[Parser BinOp]
operator14	[Token] -> Maybe (BinOp,[Token])
operator15	[Char]
operator17	[Token] -> Maybe (BinOp,[Token])
operator18	[Char]
operator2	[Parser BinOp]
operator20	[Token] -> Maybe (BinOp,[Token])
operator21	[Char]
operator23	[Token] -> Maybe (BinOp,[Token])
operator24	[Char]
operator26	[Token] -> Maybe (BinOp,[Token])
operator27	[Char]
operator29	[Token] -> Maybe (BinOp,[Token])
operator3	[Parser BinOp]
operator30	[Char]
operator32	[Token] -> Maybe (BinOp,[Token])
operator33	[Char]
operator35	[Token] -> Maybe (BinOp,[Token])
operator36	[Char]
operator38	[Token] -> Maybe (BinOp,[Token])
operator39	[Char]
operator4	[Parser BinOp]
operator41	[Token] -> Maybe (BinOp,[Token])
operator42	[Char]
operator44	[Token] -> Maybe (BinOp,[Token])
operator45	[Char]
operator47	[Token] -> Maybe (BinOp,[Token])
operator48	[Char]
operator5	[Parser BinOp]
operator6	[Parser BinOp]
operator7	[Parser BinOp]
operator8	[Parser BinOp]
operator9	[Parser BinOp]
operatorEdName	Parser Name
operatorEdName1	[Token] -> Maybe (Name,[Token])
operatorEdName2	[Token] -> Maybe (Name,[Token])
operatorEdName3	[Char]
operatorI	Parser String
operatorI1	[Token] -> Maybe (String,[Token])
operatorI10	[String]
operatorI11	[Char]
operatorI13	[Char]
operatorI15	[Char]
operatorI17	[Char]
operatorI19	[Char]
operatorI2	[String]
operatorI21	[Char]
operatorI23	[Char]
operatorI25	[Char]
operatorI27	[Char]
operatorI29	[Char]
operatorI3	[String]
operatorI31	Eq String
operatorI4	[String]
operatorI5	[String]
operatorI6	[String]
operatorI7	[String]
operatorI8	[String]
operatorI9	[String]
operatorIAsName	Parser Name
operatorIAsName1	[Token] -> Maybe (Name,[Token])
operatorI_allowed	[String]
parens	Parser a -> Parser a
parensOpt	Parser a -> Parser a
parensOpt1	Parser a -> [Token] -> Maybe (a,[Token])
parseBinOp	String -> Maybe BinOp
qualifiedIdent	Parser String
qualifiedIdent1	[Token] -> Maybe (String,[Token])
qualifiedIdent3	[Token] -> Maybe (Token,[Token])
qualifiedIdent4	[Char]
qualifiedIdent_t	Token
qualifiedIdent_xs	[Char]
satisfyToken	(Token -> Maybe a) -> Parser a
satisfyToken1	(Token -> Maybe a) -> [Token] -> Maybe (a,[Token])
skipNL	Parser ()
skipNL1	[Token] -> Maybe ((),[Token])
skipNL2	[Token] -> Maybe ((),[Token])
skipNewlines	Parser ()
skipNewlines1	[Token] -> Maybe ((),[Token])
skipNewlines2	[Token] -> Maybe ((),[Token])
skipSeparators	Parser ()
skipSeparators1	[Token] -> Maybe ((),[Token])
skipSeparators2	[Token] -> Maybe ((),[Token])
skipVB	Parser ()
skipVB1	[Token] -> Maybe ((),[Token])
skipVB2	[Token] -> Maybe ((),[Token])
skipVNL	Parser ()
skipVNL1	[Token] -> Maybe ((),[Token])
skipVNL2	[Token] -> Maybe ((),[Token])
stringLiteralExpr	Parser String
stringLiteralExpr1	[Token] -> Maybe (String,[Token])
symbol	String -> Parser ()
symbolToken	Token -> Parser Token
symbolToken1	Token -> [Token] -> Maybe (Token,[Token])
tokenIs	(Token -> Maybe a) -> Parser a
tokenIs1	(Token -> Maybe a) -> [Token] -> Maybe (a,[Token])
typeIdent	Parser String
caseExprCore	Parser Expr -> Parser Expr
lambdaCaseExpr	Parser Expr -> Parser Expr
lambdaCaseExpr1	Parser Expr -> [Token] -> Maybe (CaseAlt,[Token])
doExprCore	Parser Expr -> Parser Expr
appExprCore	Parser Expr
appExprCore1	[Token] -> Maybe (Expr,[Token])
appExprCore2	[Token] -> Maybe (Expr,[Token])
appExprCore3	[Token] -> Maybe (Expr,[Token])
appExprCore4	[Token] -> Maybe (Expr,[Token])
appExprCore5	[Token] -> Maybe (Expr,[Token])
appExprCore6	[Token] -> Maybe (Expr,[Token])
appExprCore_p1	Parser Expr
atomBaseCore	Parser Expr
atomCore	Parser Expr
exprCore	Parser Expr
oPsectionCore	Parser Expr
oPsectionCore1	[Token] -> Maybe (Expr,[Token])
opAssoc	BinOpInfo -> Assoc RecSel Left BinOpInfo
opConstructor	BinOpInfo -> BinOp RecSel Left BinOpInfo
opPrecedence	BinOpInfo -> Int RecSel Left BinOpInfo
opSymbol	BinOpInfo -> String RecSel Left BinOpInfo
pRecordExpr	Parser Expr
pRecordExpr1	[Token] -> Maybe (Expr,[Token])
pRecordExpr2	[Token] -> Maybe (Expr,[Token])
pRecordExpr3	[Token] -> Maybe ((),[Token])
pRecordExpr4	[Char]
pRecordExpr6	[Token] -> Maybe ((String, Expr),[Token])
pRecordExpr7	[Char]
parenExprCore	Parser Expr
tupleExprCore	Parser Expr
expr	Parser Expr
expr1	[Token] -> Maybe (Expr,[Token])
exprNoLoop	Parser Expr
exprNoLoop1	[Token] -> Maybe (Expr,[Token])
exprTop	Parser Expr
exprTop1	[Token] -> Maybe (Expr,[Token])
exprTop10	[Char]
exprTop12	[Char]
exprTop14	[Char]
exprTop16	[Token] -> Maybe ((),[Token])
exprTop17	[Token] -> Maybe ((),[Token])
exprTop18	[Char]
exprTop2	CallStack
exprTop3	SrcLoc
exprTop4	Int
exprTop5	Int
exprTop6	Int
exprTop7	Int
exprTop8	[Char]
forExpr	Parser Expr
forExpr1	[Token] -> Maybe (Expr,[Token])
forExpr2	[Token] -> Maybe ((),[Token])
forExpr3	[Char]
forExpr5	[Token] -> Maybe (Qualifier,[Token])
forExpr_kw	String
ifExpr	Parser Expr
ifExpr1	[Token] -> Maybe (Expr,[Token])
letExpr	Parser Expr
letExpr1	[Token] -> Maybe (Expr,[Token])
postfix	Expr -> Parser Expr
postfix1	Expr -> [Token] -> Maybe (Expr,[Token])
returnExpr	Parser Expr
returnExpr1	[Token] -> Maybe (Expr,[Token])
listExprCore	Parser Expr -> Parser Expr
constraintP	Parser Constraint
constraintP1	[Token] -> Maybe (Pattern,[Token])
pConstrOrVar	Parser Pattern
pConstrOrVar1	[Token] -> Maybe (Pattern,[Token])
pInt	Parser Pattern
pInt1	[Token] -> Maybe (Pattern,[Token])
pList	Parser Pattern
pList1	[Token] -> Maybe (Pattern,[Token])
pList2	[Token] -> Maybe (Pattern,[Token])
pParenOrTuple	Parser Pattern
pPattern	Parser Pattern
pPattern1	[Token] -> Maybe (Pattern,[Token])
pPattern2	[Token] -> Maybe (Pattern -> Pattern -> Pattern,[Token])
pPattern3	[Token] -> Maybe (Pattern,[Token])
pWildcard	Parser Pattern
pWildcard1	[Token] -> Maybe (Pattern,[Token])
pWildcard2	[Char]
pattern	Parser Pattern
patternStart	Parser ()
patternStart1	[Token] -> Maybe ((),[Token])
patternStart2	[Char]
patternStart4	[Char]
patternVar	Parser Pattern
patternVar1	[Token] -> Maybe (Pattern,[Token])
simplePattern	Parser Pattern
simplePattern1	[Token] -> Maybe (Pattern,[Token])
simplePattern2	[Token] -> Maybe (Pattern -> Pattern -> Pattern,[Token])
simplePattern3	[Token] -> Maybe (Pattern,[Token])
parseSQL	Parser Expr
parseSQL1	[Token] -> Maybe (Expr,[Token])
parseSQL_kw	String
arrowType	Parser Type
arrowType1	[Token] -> Maybe (Type,[Token])
arrowType2	[Token] -> Maybe (Type,[Token])
arrowType3	[Token] -> Maybe (Type,[Token])
arrowType4	[Token] -> Maybe (Type,[Token])
arrowType5	[Token] -> Maybe (Type,[Token])
constr	Parser Constraint
constr1	[Token] -> Maybe (Constraint,[Token])
constr2	[Token] -> Maybe (Field,[Token])
constraintList	Parser[Constraint]
constraintList1	[Token] -> Maybe ([Constraint],[Token])
constraintList2	[Token] -> Maybe (Constraint,[Token])
constraintList_p	Parser[Constraint]
parseForall	Parser Type
parseForall1	[Token] -> Maybe (Type,[Token])
parseType	Parser Type
parseType1	[Token] -> Maybe (Type,[Token])
typeApp	Parser Type
typeAtom	Parser Type
typeP	Parser Type
typeP1	[Token] -> Maybe (Type,[Token])
builtinEnv	TypeEnv
builtinEnv1	Map Name Scheme
builtinEnv2	Ord Name
builtinOps	[(String, Scheme)]
builtinOps1	[(String, Scheme)]
builtinOps10	[Char]
builtinOps12	Type
builtinOps13	[Char]
builtinOps15	Type
builtinOps16	[Char]
builtinOps18	[Char]
builtinOps2	[(String, Scheme)]
builtinOps20	([Char], Scheme)
builtinOps21	Scheme
builtinOps22	Type
builtinOps23	Type
builtinOps24	Type
builtinOps25	[Char]
builtinOps27	Type
builtinOps28	[Char]
builtinOps3	[(String, Scheme)]
builtinOps30	Type
builtinOps31	[Char]
builtinOps33	[Char]
builtinOps35	([Char], Scheme)
builtinOps36	Scheme
builtinOps37	Type
builtinOps38	Type
builtinOps39	Type
builtinOps4	[(String, Scheme)]
builtinOps40	[Char]
builtinOps42	Type
builtinOps43	[Char]
builtinOps45	Type
builtinOps46	[Char]
builtinOps48	[Char]
builtinOps5	([Char], Scheme)
builtinOps50	([Char], Scheme)
builtinOps51	Scheme
builtinOps52	Type
builtinOps53	Type
builtinOps54	Type
builtinOps55	[Char]
builtinOps57	Type
builtinOps58	[Char]
builtinOps6	Scheme
builtinOps60	Type
builtinOps61	[Char]
builtinOps63	[Char]
builtinOps65	([Char], Scheme)
builtinOps66	Scheme
builtinOps67	Type
builtinOps68	Type
builtinOps69	Type
builtinOps7	Type
builtinOps70	[Char]
builtinOps72	Type
builtinOps73	[Char]
builtinOps75	Type
builtinOps76	[Char]
builtinOps78	[Char]
builtinOps8	Type
builtinOps9	Type
builtinPatternEnv	TypeEnv
builtinPatternEnv1	Map Name Scheme
counter	IORef Int
freshType1	Int -> Either InferError (Type, Int)
generalizeInfer	TypeEnv -> Type -> Scheme
groupDecls	[Decl] -> Map Name ([FunClause], Maybe Type)
mergeEnvs	TypeEnv -> TypeEnv -> TypeEnv
mergeEnvs1	TypeEnv -> TypeEnv -> Map Name Scheme
inferBool1	Int -> Either InferError ((Subst, Type), Int)
inferBool2	Type
inferBool3	[Char]
inferBool_eta	(Subst, Type)
inferChar1	Int -> Either InferError ((Subst, Type), Int)
inferChar2	Type
inferChar3	[Char]
inferChar_eta	(Subst, Type)
inferInt1	Int -> Either InferError ((Subst, Type), Int)
inferInt2	Type
inferInt3	[Char]
inferInt_eta	(Subst, Type)
inferString1	Int -> Either InferError ((Subst, Type), Int)
inferString2	Type
inferString3	[Char]
inferString_eta	(Subst, Type)
inferSQL	String -> [Expr] -> SQLInfo
generalizeAll	TypeEnv -> [(Pattern, Type)] -> [(Pattern, Scheme)]
prettyPrintBinOp	BinOp -> String
prettyScheme	Scheme -> String
prettyType	Type -> String
getVarName	Expr -> String
getVarName1	CallStack
getVarName11	[Char]
getVarName13	[Char]
getVarName2	SrcLoc
getVarName3	Int
getVarName4	Int
getVarName5	Int
getVarName6	Int
getVarName7	[Char]
getVarName9	[Char]
apply	Subst -> Type -> Type
applyConstraint	Subst -> Constraint -> Constraint
composeSubst	Subst -> Subst -> Subst
composeSubst1	Ord String
emptySubst	Subst
singletonSubst	String -> Type -> Subst
applyEnv	Subst -> TypeEnv -> TypeEnv
emptyEnv	TypeEnv
extendEnv	TypeEnv -> Name -> Scheme -> TypeEnv
extendEnv1	TypeEnv -> Name -> Scheme -> Map Name Scheme
freeTypeVars	Type -> [Name]
freeTypeVarsEnv	TypeEnv -> [Name]
freeTypeVarsScheme	Scheme -> [Name]
fromList	[(String, Scheme)] -> TypeEnv
fromList1	[(String, Scheme)] -> Map Name Scheme
generalize	TypeEnv -> Type -> Scheme
instantiate	Scheme -> Either InferError Type
lookupEnv	TypeEnv -> Name -> Maybe Scheme
primitiveEnv	TypeEnv
primitiveEnv1	Map Name Scheme
testEnv	TypeEnv
testEnv1	Map Name Scheme
withTestEnv	TypeEnv
withTestEnv1	Map Name Scheme
unify	Type -> Type -> Either UnifyError Subst
unifyMany	[Type] -> [Type] -> Either UnifyError Subst
myTrace	String -> Parser ()
myTraceIO	String -> IO ()
myTraceIOM	String -> IO ()
setTrace	Bool -> IO ()
traceEnabled	IORef Bool
extractSQLVars	String -> (String,[String])
extractSQLVars_go	[Char] -> [[Char]] -> [Char] -> ([Char],[[Char]])
exprTests	[(String, String)]
exprTests1	[(String, String)]
exprTests10	[Char]
exprTests2	([Char],[Char])
exprTests3	[Char]
exprTests5	[Char]
exprTests7	([Char],[Char])
exprTests8	[Char]
main	IO ()
runParserWithTrace	Parser a -> [Token] -> IO (Maybe a)
testCases	[TestCase]
testCases1	[(String, String)]
testCases10	[(String, String)]
testCases101	[Char]
testCases103	([Char],[Char])
testCases104	[Char]
testCases106	[Char]
testCases108	([Char],[Char])
testCases109	[Char]
testCases11	[(String, String)]
testCases111	[Char]
testCases113	([Char],[Char])
testCases114	[Char]
testCases116	[Char]
testCases118	([Char],[Char])
testCases119	[Char]
testCases12	[(String, String)]
testCases121	[Char]
testCases123	([Char],[Char])
testCases124	[Char]
testCases126	[Char]
testCases128	([Char],[Char])
testCases129	[Char]
testCases13	[(String, String)]
testCases131	[Char]
testCases133	([Char],[Char])
testCases134	[Char]
testCases136	[Char]
testCases138	([Char],[Char])
testCases139	[Char]
testCases14	[(String, String)]
testCases141	[Char]
testCases143	([Char],[Char])
testCases144	[Char]
testCases146	[Char]
testCases148	([Char],[Char])
testCases149	[Char]
testCases15	[(String, String)]
testCases151	[Char]
testCases153	([Char],[Char])
testCases154	[Char]
testCases156	[Char]
testCases158	([Char],[Char])
testCases159	[Char]
testCases16	[(String, String)]
testCases161	[Char]
testCases163	([Char],[Char])
testCases164	[Char]
testCases166	[Char]
testCases168	([Char],[Char])
testCases169	[Char]
testCases17	[(String, String)]
testCases171	[Char]
testCases173	([Char],[Char])
testCases174	[Char]
testCases176	[Char]
testCases178	([Char],[Char])
testCases179	[Char]
testCases18	[(String, String)]
testCases181	[Char]
testCases183	([Char],[Char])
testCases184	[Char]
testCases186	[Char]
testCases188	([Char],[Char])
testCases189	[Char]
testCases19	[(String, String)]
testCases191	[Char]
testCases193	([Char],[Char])
testCases194	[Char]
testCases196	[Char]
testCases198	([Char],[Char])
testCases199	[Char]
testCases2	[TestCase]
testCases20	[(String, String)]
testCases201	[Char]
testCases203	([Char],[Char])
testCases204	[Char]
testCases206	[Char]
testCases208	([Char],[Char])
testCases209	[Char]
testCases21	[(String, String)]
testCases211	[Char]
testCases213	([Char],[Char])
testCases214	[Char]
testCases216	[Char]
testCases218	([Char],[Char])
testCases219	[Char]
testCases22	[(String, String)]
testCases221	[Char]
testCases223	([Char],[Char])
testCases224	[Char]
testCases226	[Char]
testCases228	([Char],[Char])
testCases229	[Char]
testCases23	[(String, String)]
testCases231	[Char]
testCases233	([Char],[Char])
testCases234	[Char]
testCases236	[Char]
testCases238	([Char],[Char])
testCases239	[Char]
testCases24	[(String, String)]
testCases241	[Char]
testCases243	([Char],[Char])
testCases244	[Char]
testCases246	[Char]
testCases248	([Char],[Char])
testCases249	[Char]
testCases25	[(String, String)]
testCases251	[Char]
testCases253	([Char],[Char])
testCases254	[Char]
testCases256	[Char]
testCases258	([Char],[Char])
testCases259	[Char]
testCases26	[(String, String)]
testCases261	[Char]
testCases263	([Char],[Char])
testCases264	[Char]
testCases266	[Char]
testCases268	([Char],[Char])
testCases269	[Char]
testCases27	[(String, String)]
testCases271	[Char]
testCases273	([Char],[Char])
testCases274	[Char]
testCases276	[Char]
testCases278	([Char],[Char])
testCases279	[Char]
testCases28	[(String, String)]
testCases281	[Char]
testCases283	([Char],[Char])
testCases284	[Char]
testCases286	[Char]
testCases288	([Char],[Char])
testCases289	[Char]
testCases29	[(String, String)]
testCases291	[Char]
testCases293	([Char],[Char])
testCases294	[Char]
testCases296	[Char]
testCases298	([Char],[Char])
testCases299	[Char]
testCases3	[(String, String)]
testCases30	[(String, String)]
testCases301	[Char]
testCases303	([Char],[Char])
testCases304	[Char]
testCases306	[Char]
testCases308	([Char],[Char])
testCases309	[Char]
testCases31	[(String, String)]
testCases311	[Char]
testCases313	([Char],[Char])
testCases314	[Char]
testCases316	[Char]
testCases318	([Char],[Char])
testCases319	[Char]
testCases32	[(String, String)]
testCases321	[Char]
testCases323	([Char],[Char])
testCases324	[Char]
testCases326	[Char]
testCases328	([Char],[Char])
testCases329	[Char]
testCases33	[(String, String)]
testCases331	[Char]
testCases333	([Char],[Char])
testCases334	[Char]
testCases336	[Char]
testCases338	([Char],[Char])
testCases339	[Char]
testCases34	[(String, String)]
testCases341	[Char]
testCases343	([Char],[Char])
testCases344	[Char]
testCases346	[Char]
testCases348	([Char],[Char])
testCases349	[Char]
testCases35	[(String, String)]
testCases351	[Char]
testCases353	([Char],[Char])
testCases354	[Char]
testCases356	[Char]
testCases358	([Char],[Char])
testCases359	[Char]
testCases36	[(String, String)]
testCases361	[Char]
testCases363	([Char],[Char])
testCases364	[Char]
testCases366	[Char]
testCases368	([Char],[Char])
testCases369	[Char]
testCases37	[(String, String)]
testCases371	[Char]
testCases373	([Char],[Char])
testCases374	[Char]
testCases376	[Char]
testCases378	([Char],[Char])
testCases379	[Char]
testCases38	[(String, String)]
testCases381	[Char]
testCases383	([Char],[Char])
testCases384	[Char]
testCases386	[Char]
testCases388	([Char],[Char])
testCases389	[Char]
testCases39	[(String, String)]
testCases391	[Char]
testCases393	([Char],[Char])
testCases394	[Char]
testCases396	[Char]
testCases398	([Char],[Char])
testCases399	[Char]
testCases4	[(String, String)]
testCases40	[(String, String)]
testCases401	[Char]
testCases403	([Char],[Char])
testCases404	[Char]
testCases406	[Char]
testCases408	([Char],[Char])
testCases409	[Char]
testCases41	[(String, String)]
testCases411	[Char]
testCases413	([Char],[Char])
testCases414	[Char]
testCases416	[Char]
testCases418	([Char],[Char])
testCases419	[Char]
testCases42	[(String, String)]
testCases421	[Char]
testCases423	([Char],[Char])
testCases424	[Char]
testCases426	[Char]
testCases428	([Char],[Char])
testCases429	[Char]
testCases43	[(String, String)]
testCases431	[Char]
testCases433	[(String, String)]
testCases434	[(String, String)]
testCases435	[(String, String)]
testCases436	[(String, String)]
testCases437	([Char],[Char])
testCases438	[Char]
testCases44	[(String, String)]
testCases440	[Char]
testCases442	([Char],[Char])
testCases443	[Char]
testCases445	[Char]
testCases447	([Char],[Char])
testCases448	[Char]
testCases45	[(String, String)]
testCases450	[Char]
testCases452	([Char],[Char])
testCases453	[Char]
testCases455	[Char]
testCases457	([Char],[Char])
testCases458	[Char]
testCases46	[(String, String)]
testCases460	[Char]
testCases47	[(String, String)]
testCases48	[(String, String)]
testCases49	[(String, String)]
testCases5	[(String, String)]
testCases50	[(String, String)]
testCases51	[(String, String)]
testCases52	[(String, String)]
testCases53	[(String, String)]
testCases54	[(String, String)]
testCases55	[(String, String)]
testCases56	[(String, String)]
testCases57	[(String, String)]
testCases58	[(String, String)]
testCases59	[(String, String)]
testCases6	[(String, String)]
testCases60	[(String, String)]
testCases61	[(String, String)]
testCases62	[(String, String)]
testCases63	[(String, String)]
testCases64	[(String, String)]
testCases65	[(String, String)]
testCases66	[(String, String)]
testCases67	[(String, String)]
testCases68	[(String, String)]
testCases69	[(String, String)]
testCases7	[(String, String)]
testCases70	[(String, String)]
testCases71	[(String, String)]
testCases72	[(String, String)]
testCases73	([Char],[Char])
testCases74	[Char]
testCases76	[Char]
testCases78	([Char],[Char])
testCases79	[Char]
testCases8	[(String, String)]
testCases81	[Char]
testCases83	([Char],[Char])
testCases84	[Char]
testCases86	[Char]
testCases88	([Char],[Char])
testCases89	[Char]
testCases9	[(String, String)]
testCases91	[Char]
testCases93	([Char],[Char])
testCases94	[Char]
testCases96	[Char]
testCases98	([Char],[Char])
testCases99	[Char]
testCasesDo	[(String, String)]
testCasesDo1	[(String, String)]
testCasesDo10	[(String, String)]
testCasesDo100	[(String, String)]
testCasesDo101	[(String, String)]
testCasesDo102	[(String, String)]
testCasesDo103	[(String, String)]
testCasesDo104	[(String, String)]
testCasesDo105	[(String, String)]
testCasesDo106	[(String, String)]
testCasesDo107	([Char],[Char])
testCasesDo108	[Char]
testCasesDo11	[(String, String)]
testCasesDo110	[Char]
testCasesDo112	([Char],[Char])
testCasesDo113	[Char]
testCasesDo115	([Char],[Char])
testCasesDo116	[Char]
testCasesDo118	([Char],[Char])
testCasesDo119	[Char]
testCasesDo12	[(String, String)]
testCasesDo121	([Char],[Char])
testCasesDo122	[Char]
testCasesDo124	[Char]
testCasesDo126	([Char],[Char])
testCasesDo127	[Char]
testCasesDo129	[Char]
testCasesDo13	[(String, String)]
testCasesDo131	([Char],[Char])
testCasesDo132	[Char]
testCasesDo134	[Char]
testCasesDo136	([Char],[Char])
testCasesDo137	[Char]
testCasesDo139	[Char]
testCasesDo14	[(String, String)]
testCasesDo141	([Char],[Char])
testCasesDo142	[Char]
testCasesDo144	[Char]
testCasesDo146	([Char],[Char])
testCasesDo147	[Char]
testCasesDo149	[Char]
testCasesDo15	[(String, String)]
testCasesDo151	([Char],[Char])
testCasesDo152	[Char]
testCasesDo154	[Char]
testCasesDo156	([Char],[Char])
testCasesDo157	[Char]
testCasesDo159	[Char]
testCasesDo16	[(String, String)]
testCasesDo161	([Char],[Char])
testCasesDo162	[Char]
testCasesDo164	[Char]
testCasesDo166	([Char],[Char])
testCasesDo167	[Char]
testCasesDo169	[Char]
testCasesDo17	[(String, String)]
testCasesDo171	([Char],[Char])
testCasesDo172	[Char]
testCasesDo174	[Char]
testCasesDo176	([Char],[Char])
testCasesDo177	[Char]
testCasesDo179	[Char]
testCasesDo18	[(String, String)]
testCasesDo181	([Char],[Char])
testCasesDo182	[Char]
testCasesDo184	[Char]
testCasesDo186	([Char],[Char])
testCasesDo187	[Char]
testCasesDo189	[Char]
testCasesDo19	[(String, String)]
testCasesDo191	([Char],[Char])
testCasesDo192	[Char]
testCasesDo194	[Char]
testCasesDo196	([Char],[Char])
testCasesDo197	[Char]
testCasesDo199	[Char]
testCasesDo2	[(String, String)]
testCasesDo20	[(String, String)]
testCasesDo201	([Char],[Char])
testCasesDo202	[Char]
testCasesDo204	[Char]
testCasesDo206	([Char],[Char])
testCasesDo207	[Char]
testCasesDo209	[Char]
testCasesDo21	[(String, String)]
testCasesDo211	([Char],[Char])
testCasesDo212	[Char]
testCasesDo214	[Char]
testCasesDo216	([Char],[Char])
testCasesDo217	[Char]
testCasesDo219	[Char]
testCasesDo22	[(String, String)]
testCasesDo221	([Char],[Char])
testCasesDo222	[Char]
testCasesDo224	[Char]
testCasesDo226	([Char],[Char])
testCasesDo227	[Char]
testCasesDo229	[Char]
testCasesDo23	[(String, String)]
testCasesDo231	([Char],[Char])
testCasesDo232	[Char]
testCasesDo234	[Char]
testCasesDo236	([Char],[Char])
testCasesDo237	[Char]
testCasesDo239	[Char]
testCasesDo24	[(String, String)]
testCasesDo241	([Char],[Char])
testCasesDo242	[Char]
testCasesDo244	[Char]
testCasesDo246	([Char],[Char])
testCasesDo247	[Char]
testCasesDo249	[Char]
testCasesDo25	[(String, String)]
testCasesDo251	([Char],[Char])
testCasesDo252	[Char]
testCasesDo254	[Char]
testCasesDo256	([Char],[Char])
testCasesDo257	[Char]
testCasesDo259	[Char]
testCasesDo26	[(String, String)]
testCasesDo261	([Char],[Char])
testCasesDo262	[Char]
testCasesDo264	[Char]
testCasesDo266	([Char],[Char])
testCasesDo267	[Char]
testCasesDo269	[Char]
testCasesDo27	[(String, String)]
testCasesDo271	([Char],[Char])
testCasesDo272	[Char]
testCasesDo274	[Char]
testCasesDo276	([Char],[Char])
testCasesDo277	[Char]
testCasesDo279	[Char]
testCasesDo28	[(String, String)]
testCasesDo281	([Char],[Char])
testCasesDo282	[Char]
testCasesDo284	[Char]
testCasesDo286	([Char],[Char])
testCasesDo287	[Char]
testCasesDo289	[Char]
testCasesDo29	[(String, String)]
testCasesDo291	([Char],[Char])
testCasesDo292	[Char]
testCasesDo294	[Char]
testCasesDo296	([Char],[Char])
testCasesDo297	[Char]
testCasesDo299	[Char]
testCasesDo3	[(String, String)]
testCasesDo30	[(String, String)]
testCasesDo301	([Char],[Char])
testCasesDo302	[Char]
testCasesDo304	[Char]
testCasesDo306	([Char],[Char])
testCasesDo307	[Char]
testCasesDo309	[Char]
testCasesDo31	[(String, String)]
testCasesDo311	([Char],[Char])
testCasesDo312	[Char]
testCasesDo314	[Char]
testCasesDo316	([Char],[Char])
testCasesDo317	[Char]
testCasesDo319	[Char]
testCasesDo32	[(String, String)]
testCasesDo321	([Char],[Char])
testCasesDo322	[Char]
testCasesDo324	[Char]
testCasesDo326	([Char],[Char])
testCasesDo327	[Char]
testCasesDo329	[Char]
testCasesDo33	[(String, String)]
testCasesDo331	([Char],[Char])
testCasesDo332	[Char]
testCasesDo334	[Char]
testCasesDo336	([Char],[Char])
testCasesDo337	[Char]
testCasesDo339	[Char]
testCasesDo34	[(String, String)]
testCasesDo341	([Char],[Char])
testCasesDo342	[Char]
testCasesDo344	[Char]
testCasesDo346	([Char],[Char])
testCasesDo347	[Char]
testCasesDo349	[Char]
testCasesDo35	[(String, String)]
testCasesDo351	([Char],[Char])
testCasesDo352	[Char]
testCasesDo354	[Char]
testCasesDo356	([Char],[Char])
testCasesDo357	[Char]
testCasesDo359	[Char]
testCasesDo36	[(String, String)]
testCasesDo361	([Char],[Char])
testCasesDo362	[Char]
testCasesDo364	[Char]
testCasesDo366	([Char],[Char])
testCasesDo367	[Char]
testCasesDo369	[Char]
testCasesDo37	[(String, String)]
testCasesDo371	([Char],[Char])
testCasesDo372	[Char]
testCasesDo374	[Char]
testCasesDo376	([Char],[Char])
testCasesDo377	[Char]
testCasesDo379	[Char]
testCasesDo38	[(String, String)]
testCasesDo381	([Char],[Char])
testCasesDo382	[Char]
testCasesDo384	[Char]
testCasesDo386	([Char],[Char])
testCasesDo387	[Char]
testCasesDo389	[Char]
testCasesDo39	[(String, String)]
testCasesDo391	([Char],[Char])
testCasesDo392	[Char]
testCasesDo394	[Char]
testCasesDo396	([Char],[Char])
testCasesDo397	[Char]
testCasesDo399	[Char]
testCasesDo4	[(String, String)]
testCasesDo40	[(String, String)]
testCasesDo401	([Char],[Char])
testCasesDo402	[Char]
testCasesDo404	[Char]
testCasesDo406	([Char],[Char])
testCasesDo407	[Char]
testCasesDo409	[Char]
testCasesDo41	[(String, String)]
testCasesDo411	([Char],[Char])
testCasesDo412	[Char]
testCasesDo414	[Char]
testCasesDo416	([Char],[Char])
testCasesDo417	[Char]
testCasesDo419	[Char]
testCasesDo42	[(String, String)]
testCasesDo421	([Char],[Char])
testCasesDo422	[Char]
testCasesDo424	[Char]
testCasesDo426	([Char],[Char])
testCasesDo427	[Char]
testCasesDo429	[Char]
testCasesDo43	[(String, String)]
testCasesDo431	([Char],[Char])
testCasesDo432	[Char]
testCasesDo434	[Char]
testCasesDo436	([Char],[Char])
testCasesDo437	[Char]
testCasesDo439	[Char]
testCasesDo44	[(String, String)]
testCasesDo441	([Char],[Char])
testCasesDo442	[Char]
testCasesDo444	[Char]
testCasesDo446	([Char],[Char])
testCasesDo447	[Char]
testCasesDo449	[Char]
testCasesDo45	[(String, String)]
testCasesDo451	([Char],[Char])
testCasesDo452	[Char]
testCasesDo454	[Char]
testCasesDo456	([Char],[Char])
testCasesDo457	[Char]
testCasesDo459	[Char]
testCasesDo46	[(String, String)]
testCasesDo461	([Char],[Char])
testCasesDo462	[Char]
testCasesDo464	[Char]
testCasesDo466	([Char],[Char])
testCasesDo467	[Char]
testCasesDo469	[Char]
testCasesDo47	[(String, String)]
testCasesDo471	([Char],[Char])
testCasesDo472	[Char]
testCasesDo474	[Char]
testCasesDo476	([Char],[Char])
testCasesDo477	[Char]
testCasesDo479	[Char]
testCasesDo48	[(String, String)]
testCasesDo481	([Char],[Char])
testCasesDo482	[Char]
testCasesDo484	[Char]
testCasesDo486	([Char],[Char])
testCasesDo487	[Char]
testCasesDo489	[Char]
testCasesDo49	[(String, String)]
testCasesDo491	([Char],[Char])
testCasesDo492	[Char]
testCasesDo494	[Char]
testCasesDo496	([Char],[Char])
testCasesDo497	[Char]
testCasesDo499	([Char],[Char])
testCasesDo5	[(String, String)]
testCasesDo50	[(String, String)]
testCasesDo500	[Char]
testCasesDo502	([Char],[Char])
testCasesDo503	[Char]
testCasesDo505	([Char],[Char])
testCasesDo506	[Char]
testCasesDo508	([Char],[Char])
testCasesDo509	[Char]
testCasesDo51	[(String, String)]
testCasesDo511	([Char],[Char])
testCasesDo512	[Char]
testCasesDo514	([Char],[Char])
testCasesDo515	[Char]
testCasesDo517	([Char],[Char])
testCasesDo518	[Char]
testCasesDo52	[(String, String)]
testCasesDo520	([Char],[Char])
testCasesDo521	[Char]
testCasesDo523	([Char],[Char])
testCasesDo524	[Char]
testCasesDo526	([Char],[Char])
testCasesDo527	[Char]
testCasesDo529	[Char]
testCasesDo53	[(String, String)]
testCasesDo531	([Char],[Char])
testCasesDo532	[Char]
testCasesDo534	[Char]
testCasesDo536	([Char],[Char])
testCasesDo537	[Char]
testCasesDo539	[Char]
testCasesDo54	[(String, String)]
testCasesDo541	([Char],[Char])
testCasesDo542	[Char]
testCasesDo544	[Char]
testCasesDo546	([Char],[Char])
testCasesDo547	[Char]
testCasesDo549	[Char]
testCasesDo55	[(String, String)]
testCasesDo551	([Char],[Char])
testCasesDo552	[Char]
testCasesDo554	[Char]
testCasesDo556	([Char],[Char])
testCasesDo557	[Char]
testCasesDo559	[Char]
testCasesDo56	[(String, String)]
testCasesDo561	([Char],[Char])
testCasesDo562	[Char]
testCasesDo564	[Char]
testCasesDo566	([Char],[Char])
testCasesDo567	[Char]
testCasesDo569	[Char]
testCasesDo57	[(String, String)]
testCasesDo571	([Char],[Char])
testCasesDo572	[Char]
testCasesDo574	[Char]
testCasesDo576	([Char],[Char])
testCasesDo577	[Char]
testCasesDo579	[Char]
testCasesDo58	[(String, String)]
testCasesDo581	([Char],[Char])
testCasesDo582	[Char]
testCasesDo584	[Char]
testCasesDo586	([Char],[Char])
testCasesDo587	[Char]
testCasesDo589	[Char]
testCasesDo59	[(String, String)]
testCasesDo591	([Char],[Char])
testCasesDo592	[Char]
testCasesDo594	[Char]
testCasesDo596	([Char],[Char])
testCasesDo597	[Char]
testCasesDo599	[Char]
testCasesDo6	[(String, String)]
testCasesDo60	[(String, String)]
testCasesDo601	([Char],[Char])
testCasesDo602	[Char]
testCasesDo604	[Char]
testCasesDo606	([Char],[Char])
testCasesDo607	[Char]
testCasesDo609	[Char]
testCasesDo61	[(String, String)]
testCasesDo611	([Char],[Char])
testCasesDo612	[Char]
testCasesDo614	[Char]
testCasesDo62	[(String, String)]
testCasesDo63	[(String, String)]
testCasesDo64	[(String, String)]
testCasesDo65	[(String, String)]
testCasesDo66	[(String, String)]
testCasesDo67	[(String, String)]
testCasesDo68	[(String, String)]
testCasesDo69	[(String, String)]
testCasesDo7	[(String, String)]
testCasesDo70	[(String, String)]
testCasesDo71	[(String, String)]
testCasesDo72	[(String, String)]
testCasesDo73	[(String, String)]
testCasesDo74	[(String, String)]
testCasesDo75	[(String, String)]
testCasesDo76	[(String, String)]
testCasesDo77	[(String, String)]
testCasesDo78	[(String, String)]
testCasesDo79	[(String, String)]
testCasesDo8	[(String, String)]
testCasesDo80	[(String, String)]
testCasesDo81	[(String, String)]
testCasesDo82	[(String, String)]
testCasesDo83	[(String, String)]
testCasesDo84	[(String, String)]
testCasesDo85	[(String, String)]
testCasesDo86	[(String, String)]
testCasesDo87	[(String, String)]
testCasesDo88	[(String, String)]
testCasesDo89	[(String, String)]
testCasesDo9	[(String, String)]
testCasesDo90	[(String, String)]
testCasesDo91	[(String, String)]
testCasesDo92	[(String, String)]
testCasesDo93	[(String, String)]
testCasesDo94	[(String, String)]
testCasesDo95	[(String, String)]
testCasesDo96	[(String, String)]
testCasesDo97	[(String, String)]
testCasesDo98	[(String, String)]
testCasesDo99	[(String, String)]
toplevelTests	[(String, String)]
toplevelTests1	[(String, String)]
toplevelTests10	[Char]
toplevelTests2	([Char],[Char])
toplevelTests3	[Char]
toplevelTests5	[Char]
toplevelTests7	([Char],[Char])
toplevelTests8	[Char]
add	Int -> Int -> Int
binOpName	BinOp -> Name
applySubstToAlt	Subst -> CaseAlt -> CaseAlt
addInstance	ClassName -> TypeName -> ClassEnv -> ClassEnv
classes	ClassEnv -> Map ClassName[TypeName]RecSel Left ClassEnv
initialClassEnv	ClassEnv
initialClassEnv1	Map ClassName[TypeName]
initialClassEnv2	Ord ClassName
isValidInstance	ClassEnv -> ClassName -> Type -> Bool
isValidInstance1	Eq String
preludeDataEnv	Map Name Scheme
boundVars	Pattern -> Set Name
combineEnvs	[TypeEnv] -> TypeEnv
combineEnvs1	[TypeEnv] -> Map Name Scheme
combineEnvs2	TypeEnv -> TypeEnv
combineEnvs3	Ord Name
envMerge	TypeEnv -> TypeEnv -> TypeEnv
envMerge1	TypeEnv -> TypeEnv -> Map Name Scheme
getEnvMap	TypeEnv -> Map Name Scheme
singletonEnv	Name -> Scheme -> TypeEnv
unionEnvs	TypeEnv -> TypeEnv -> TypeEnv
unionEnvs1	TypeEnv -> TypeEnv -> Map Name Scheme
prettyInferError	InferError -> String
count	InferState -> Int RecSel Left InferState
dataEnv	InferState -> DataEnv RecSel Left InferState
emptyInferState1	Int
env	InferState -> TypeEnv RecSel Left InferState
extendEnvRaw2	Ord Name
extractConstrName	Pattern -> Name
extractConstrName1	CallStack
extractConstrName11	[Char]
extractConstrName13	[Char]
extractConstrName2	SrcLoc
extractConstrName3	Int
extractConstrName4	Int
extractConstrName5	Int
extractConstrName6	Int
extractConstrName7	[Char]
extractConstrName9	[Char]
initialEnv	TypeEnv
initialEnv1	Map Name Scheme
ppType	Type -> String
ppType_go	Bool -> Type -> [Char]
printInferResult2	Show[Char]
composeMany	[Subst] -> Subst
nullSubst	Subst
buildGraph	[Decl] -> Map Name (Set Name)
buildGraph1	Ord Name
definedNames	Decl -> [Name]
reorderDecls	[Name] -> [Decl] -> [Decl]
topoSort	Map Name (Set Name) -> [Name]
topoSortDecls	[Decl] -> [Decl]
usedNames	Decl -> Set Name
classEnv	TypeDB -> ClassEnv RecSel Left TypeDB
emptyTypeDB	TypeDB
insertInstance	ClassName -> TypeName -> TypeDB -> TypeDB
insertTypeSig	ModuleName -> Name -> Scheme -> TypeDB -> TypeDB
insertTypeSig1	Ord (ModuleName, Name)
insertTypeSig2	Ord ClassName
lookupInstances	ClassName -> TypeDB -> [TypeName]
lookupTypeSig	ModuleName -> Name -> TypeDB -> Maybe Scheme
typeSigs	TypeDB -> Map (ModuleName, Name) Scheme RecSel Left TypeDB
runTestCase	TestCase -> IO ()
testAdd	TestCase
testAdd1	Decl
testAdd10	[Char]
testAdd12	[Pattern]
testAdd13	[Pattern]
testAdd14	Pattern
testAdd15	[Char]
testAdd17	Pattern
testAdd18	[Char]
testAdd2	[FunClause]
testAdd20	[Char]
testAdd22	[Char]
testAdd3	FunClause
testAdd4	Maybe Expr
testAdd5	Expr
testAdd6	Expr
testAdd7	[Char]
testAdd9	Expr
testDecl	TestCase -> Decl RecSel Left TestCase
testFunGroup	TestCase
testFunGroup1	Decl
testFunGroup10	[Char]
testFunGroup12	[Pattern]
testFunGroup13	[Pattern]
testFunGroup14	Pattern
testFunGroup15	[Char]
testFunGroup17	Pattern
testFunGroup18	[Char]
testFunGroup2	[FunClause]
testFunGroup20	[Char]
testFunGroup22	[Char]
testFunGroup3	FunClause
testFunGroup4	Maybe Expr
testFunGroup5	Expr
testFunGroup6	Expr
testFunGroup7	[Char]
testFunGroup9	Expr
testFunWithSig	TestCase
testFunWithSig1	Decl
testFunWithSig11	[Pattern]
testFunWithSig12	Pattern
testFunWithSig13	[Char]
testFunWithSig15	[Char]
testFunWithSig17	[Char]
testFunWithSig2	[FunClause]
testFunWithSig3	FunClause
testFunWithSig4	Maybe Expr
testFunWithSig5	Expr
testFunWithSig6	Expr
testFunWithSig7	Int
testFunWithSig8	Expr
testFunWithSig9	[Char]
testId	TestCase
testId1	Decl
testId10	[Char]
testId12	[Char]
testId14	[Char]
testId2	[FunClause]
testId3	FunClause
testId4	Maybe Expr
testId5	Expr
testId6	[Char]
testId8	[Pattern]
testId9	Pattern
testInfer	Expr -> IO ()
testInfer1	Expr
testLabel	TestCase -> String RecSel Left TestCase
testTypeError	TestCase
testTypeError1	Decl
testTypeError10	[Pattern]
testTypeError11	Pattern
testTypeError12	[Char]
testTypeError14	[Char]
testTypeError16	[Char]
testTypeError2	[FunClause]
testTypeError3	FunClause
testTypeError4	Maybe Expr
testTypeError5	Expr
testTypeError6	Expr
testTypeError7	Expr
testTypeError8	[Char]
testWithTypeSig	TestCase
testWithTypeSig1	Decl
testWithTypeSig11	[Pattern]
testWithTypeSig12	Pattern
testWithTypeSig13	[Char]
testWithTypeSig15	[Char]
testWithTypeSig17	[Char]
testWithTypeSig2	[FunClause]
testWithTypeSig3	FunClause
testWithTypeSig4	Maybe Expr
testWithTypeSig5	Expr
testWithTypeSig6	Expr
testWithTypeSig7	Int
testWithTypeSig8	Expr
testWithTypeSig9	[Char]
testAnnotatedRecord	TestCase
testAnnotatedRecord1	Expr
testAnnotatedRecord2	Type
testAnnotatedRecord3	Map String Type
testAnnotatedRecord4	Expr
testAnnotatedRecord5	Map String Expr
testAnnotatedRecord6	[Char]
testCaseAppPattern	TestCase
testCaseAppPattern1	Expr
testCaseAppPattern10	Pattern
testCaseAppPattern11	[Char]
testCaseAppPattern13	Pattern
testCaseAppPattern14	[Char]
testCaseAppPattern16	Pattern
testCaseAppPattern17	[Char]
testCaseAppPattern19	[Char]
testCaseAppPattern2	[CaseAlt]
testCaseAppPattern3	CaseAlt
testCaseAppPattern4	Expr
testCaseAppPattern5	[Char]
testCaseAppPattern7	Pattern
testCaseAppPattern8	[Pattern]
testCaseAppPattern9	[Pattern]
testCaseAsInfixPattern	TestCase
testCaseAsInfixPattern1	Expr
testCaseAsInfixPattern10	[Char]
testCaseAsInfixPattern12	[Char]
testCaseAsInfixPattern14	Pattern
testCaseAsInfixPattern15	[Char]
testCaseAsInfixPattern17	[Char]
testCaseAsInfixPattern19	[Char]
testCaseAsInfixPattern2	[CaseAlt]
testCaseAsInfixPattern3	CaseAlt
testCaseAsInfixPattern4	Expr
testCaseAsInfixPattern5	[Char]
testCaseAsInfixPattern7	Pattern
testCaseAsInfixPattern8	Pattern
testCaseAsInfixPattern9	Pattern
testCaseAsPattern	TestCase
testCaseAsPattern1	Expr
testCaseAsPattern10	[Pattern]
testCaseAsPattern11	Pattern
testCaseAsPattern12	[Char]
testCaseAsPattern14	Pattern
testCaseAsPattern15	[Char]
testCaseAsPattern17	[Char]
testCaseAsPattern19	Expr
testCaseAsPattern2	[CaseAlt]
testCaseAsPattern20	[Expr]
testCaseAsPattern21	[Expr]
testCaseAsPattern22	Expr
testCaseAsPattern23	Int
testCaseAsPattern24	Expr
testCaseAsPattern25	Int
testCaseAsPattern26	[Char]
testCaseAsPattern3	CaseAlt
testCaseAsPattern4	Expr
testCaseAsPattern5	[Char]
testCaseAsPattern7	Pattern
testCaseAsPattern8	Pattern
testCaseAsPattern9	[Pattern]
testCaseConsPattern	TestCase
testCaseConsPattern1	Expr
testCaseConsPattern11	Pattern
testCaseConsPattern12	[Char]
testCaseConsPattern14	[Char]
testCaseConsPattern2	[CaseAlt]
testCaseConsPattern3	CaseAlt
testCaseConsPattern4	Expr
testCaseConsPattern5	[Char]
testCaseConsPattern7	Pattern
testCaseConsPattern8	Pattern
testCaseConsPattern9	[Char]
testCaseGuard	Expr
testCaseGuard1	Expr
testCaseGuard10	(Expr, Expr)
testCaseGuard11	Expr
testCaseGuard12	Int
testCaseGuard13	Expr
testCaseGuard14	Expr
testCaseGuard15	Int
testCaseGuard16	Expr
testCaseGuard17	Expr
testCaseGuard18	[Char]
testCaseGuard2	[CaseAlt]
testCaseGuard20	Expr
testCaseGuard21	[Char]
testCaseGuard23	Pattern
testCaseGuard24	[Char]
testCaseGuard26	Expr
testCaseGuard27	[Char]
testCaseGuard29	Expr
testCaseGuard3	CaseAlt
testCaseGuard30	Int
testCaseGuard31	Pattern
testCaseGuard32	[Char]
testCaseGuard4	[(Expr, Expr)]
testCaseGuard5	[(Expr, Expr)]
testCaseGuard6	(Expr, Expr)
testCaseGuard7	Expr
testCaseGuard8	Int
testCaseGuard9	Expr
testCaseInfixPattern	TestCase
testCaseInfixPattern1	Expr
testCaseInfixPattern11	[Char]
testCaseInfixPattern13	Pattern
testCaseInfixPattern14	[Char]
testCaseInfixPattern16	[Char]
testCaseInfixPattern2	[CaseAlt]
testCaseInfixPattern3	CaseAlt
testCaseInfixPattern4	Expr
testCaseInfixPattern5	[Char]
testCaseInfixPattern7	Pattern
testCaseInfixPattern8	Pattern
testCaseInfixPattern9	[Char]
testCaseListMatch	TestCase
testCaseListMatch1	Expr
testCaseListMatch10	[Char]
testCaseListMatch12	Pattern
testCaseListMatch13	[Char]
testCaseListMatch15	CaseAlt
testCaseListMatch16	Expr
testCaseListMatch17	Int
testCaseListMatch18	Pattern
testCaseListMatch19	[Char]
testCaseListMatch2	[CaseAlt]
testCaseListMatch3	[CaseAlt]
testCaseListMatch4	CaseAlt
testCaseListMatch5	Expr
testCaseListMatch6	[Char]
testCaseListMatch8	Pattern
testCaseListMatch9	Pattern
testCaseListPattern1	TestCase
testCaseListPattern10	[Pattern]
testCaseListPattern11	Pattern
testCaseListPattern12	[Char]
testCaseListPattern14	CaseAlt
testCaseListPattern15	Expr
testCaseListPattern16	Int
testCaseListPattern17	Pattern
testCaseListPattern18	[Char]
testCaseListPattern2	Expr
testCaseListPattern3	[CaseAlt]
testCaseListPattern4	[CaseAlt]
testCaseListPattern5	CaseAlt
testCaseListPattern6	Expr
testCaseListPattern7	[Char]
testCaseListPattern9	Pattern
testEmptyRecord	TestCase
testEmptyRecord1	Expr
testEmptyRecord2	[Char]
testExpr	TestCase -> Expr RecSel Left TestCase
testInfer10	Expr
testInfer11	[Char]
testInfer13	Expr
testInfer14	[Char]
testInfer16	[Pattern]
testInfer17	Pattern
testInfer18	[Char]
testInfer2	Expr
testInfer20	Map String Expr
testInfer21	Ord String
testInfer22	Expr
testInfer23	Expr
testInfer24	Int
testInfer25	Expr
testInfer26	[Char]
testInfer28	Expr
testInfer29	[Char]
testInfer3	Expr
testInfer31	[Pattern]
testInfer32	Pattern
testInfer33	[Char]
testInfer35	[(String, Expr)]
testInfer36	([Char], Expr)
testInfer37	Expr
testInfer38	Int
testInfer39	[Char]
testInfer4	Expr
testInfer41	Expr
testInfer42	Map String Expr
testInfer43	[Char]
testInfer45	Expr
testInfer46	Map String Expr
testInfer47	Map String Expr
testInfer5	Expr
testInfer6	Expr
testInfer7	Expr
testInfer8	Map String Expr
testInfer9	Expr
testLamAsPattern	TestCase
testLamAsPattern1	Expr
testLamAsPattern10	Pattern
testLamAsPattern11	[Char]
testLamAsPattern13	Pattern
testLamAsPattern14	[Char]
testLamAsPattern16	[Char]
testLamAsPattern18	[Char]
testLamAsPattern2	Expr
testLamAsPattern3	[Char]
testLamAsPattern5	[Pattern]
testLamAsPattern6	Pattern
testLamAsPattern7	Pattern
testLamAsPattern8	[Pattern]
testLamAsPattern9	[Pattern]
testLamConsPattern	TestCase
testLamConsPattern1	Expr
testLamConsPattern10	Pattern
testLamConsPattern11	[Char]
testLamConsPattern13	[Char]
testLamConsPattern2	Expr
testLamConsPattern3	[Char]
testLamConsPattern5	[Pattern]
testLamConsPattern6	Pattern
testLamConsPattern7	Pattern
testLamConsPattern8	[Char]
testLamListPattern	TestCase
testLamListPattern1	Expr
testLamListPattern10	Pattern
testLamListPattern11	[Pattern]
testLamListPattern12	[Pattern]
testLamListPattern13	Pattern
testLamListPattern14	[Char]
testLamListPattern16	Pattern
testLamListPattern17	[Char]
testLamListPattern19	[Char]
testLamListPattern2	Expr
testLamListPattern3	Expr
testLamListPattern4	[Char]
testLamListPattern6	Expr
testLamListPattern7	[Char]
testLamListPattern9	[Pattern]
testLamMultiPattern	TestCase
testLamMultiPattern1	Expr
testLamMultiPattern10	Pattern
testLamMultiPattern11	[Char]
testLamMultiPattern13	Pattern
testLamMultiPattern14	[Char]
testLamMultiPattern16	Pattern
testLamMultiPattern17	[Char]
testLamMultiPattern19	[Char]
testLamMultiPattern2	Expr
testLamMultiPattern3	[Char]
testLamMultiPattern5	[Pattern]
testLamMultiPattern6	[Pattern]
testLamMultiPattern7	Pattern
testLamMultiPattern8	[Pattern]
testLamMultiPattern9	[Pattern]
testLamNestedTuplePattern	TestCase
testLamNestedTuplePattern1	Expr
testLamNestedTuplePattern10	Pattern
testLamNestedTuplePattern11	[Pattern]
testLamNestedTuplePattern12	[Pattern]
testLamNestedTuplePattern13	Pattern
testLamNestedTuplePattern14	[Pattern]
testLamNestedTuplePattern15	[Pattern]
testLamNestedTuplePattern16	Pattern
testLamNestedTuplePattern17	[Char]
testLamNestedTuplePattern19	Pattern
testLamNestedTuplePattern2	Expr
testLamNestedTuplePattern20	[Char]
testLamNestedTuplePattern22	Pattern
testLamNestedTuplePattern23	[Char]
testLamNestedTuplePattern25	[Char]
testLamNestedTuplePattern3	Expr
testLamNestedTuplePattern4	[Char]
testLamNestedTuplePattern6	Expr
testLamNestedTuplePattern7	[Char]
testLamNestedTuplePattern9	[Pattern]
testLamRecordPattern	TestCase
testLamRecordPattern1	Expr
testLamRecordPattern10	Pattern
testLamRecordPattern11	[(Name, Pattern)]
testLamRecordPattern12	[(Name, Pattern)]
testLamRecordPattern13	([Char], Pattern)
testLamRecordPattern14	Pattern
testLamRecordPattern15	[Char]
testLamRecordPattern17	[Char]
testLamRecordPattern19	([Char], Pattern)
testLamRecordPattern2	Expr
testLamRecordPattern20	Pattern
testLamRecordPattern21	[Char]
testLamRecordPattern23	[Char]
testLamRecordPattern25	[Char]
testLamRecordPattern3	Expr
testLamRecordPattern4	[Char]
testLamRecordPattern6	Expr
testLamRecordPattern7	[Char]
testLamRecordPattern9	[Pattern]
testLamTuplePattern	TestCase
testLamTuplePattern1	Expr
testLamTuplePattern10	Pattern
testLamTuplePattern11	[Pattern]
testLamTuplePattern12	[Pattern]
testLamTuplePattern13	Pattern
testLamTuplePattern14	[Char]
testLamTuplePattern16	Pattern
testLamTuplePattern17	[Char]
testLamTuplePattern19	[Char]
testLamTuplePattern2	Expr
testLamTuplePattern3	Expr
testLamTuplePattern4	[Char]
testLamTuplePattern6	Expr
testLamTuplePattern7	[Char]
testLamTuplePattern9	[Pattern]
testLamWildcardPattern	TestCase
testLamWildcardPattern1	Expr
testLamWildcardPattern10	[Char]
testLamWildcardPattern12	[Char]
testLamWildcardPattern2	Expr
testLamWildcardPattern3	[Char]
testLamWildcardPattern5	[Pattern]
testLamWildcardPattern6	Pattern
testLamWildcardPattern7	[Pattern]
testLamWildcardPattern8	[Pattern]
testLamWildcardPattern9	Pattern
testLambdaCase	Expr
testLambdaCase1	[CaseAlt]
testLambdaCase10	Expr
testLambdaCase11	Expr
testLambdaCase12	Int
testLambdaCase13	Expr
testLambdaCase14	[Char]
testLambdaCase16	Pattern
testLambdaCase17	[Pattern]
testLambdaCase18	Pattern
testLambdaCase19	[Char]
testLambdaCase2	[CaseAlt]
testLambdaCase21	[Char]
testLambdaCase3	CaseAlt
testLambdaCase4	Expr
testLambdaCase5	Int
testLambdaCase6	Pattern
testLambdaCase7	[Char]
testLambdaCase9	CaseAlt
testLetBlock	Expr
testLetBlock1	Expr
testLetBlock10	(Pattern, Expr)
testLetBlock11	Expr
testLetBlock12	Expr
testLetBlock13	Int
testLetBlock14	Expr
testLetBlock15	[Char]
testLetBlock17	Pattern
testLetBlock18	[Char]
testLetBlock2	Expr
testLetBlock20	(Pattern, Expr)
testLetBlock21	Expr
testLetBlock22	Int
testLetBlock23	Pattern
testLetBlock24	[Char]
testLetBlock3	[Char]
testLetBlock5	Expr
testLetBlock6	[Char]
testLetBlock8	[(Pattern, Expr)]
testLetBlock9	[(Pattern, Expr)]
testNestedFieldAccess	TestCase
testNestedFieldAccess1	Expr
testNestedFieldAccess11	Expr
testNestedFieldAccess12	Map String Expr
testNestedFieldAccess13	Ord String
testNestedFieldAccess14	Pattern
testNestedFieldAccess15	[Char]
testNestedFieldAccess17	[Char]
testNestedFieldAccess2	Expr
testNestedFieldAccess3	[Char]
testNestedFieldAccess5	Expr
testNestedFieldAccess6	[Char]
testNestedFieldAccess8	Expr
testNestedFieldAccess9	[Char]
testSectionL	Expr
testSectionL1	Expr
testSectionL2	Int
testSectionR	Expr
testSectionR1	Expr
testSectionR2	Int
testTuple	Expr
testTuple1	Expr
testTuple10	Expr
testTuple11	[Char]
testTuple13	Expr
testTuple14	[Char]
testTuple16	[Pattern]
testTuple17	Pattern
testTuple18	[Char]
testTuple2	Expr
testTuple20	[Pattern]
testTuple21	Pattern
testTuple22	[Char]
testTuple3	Expr
testTuple4	Int
testTuple5	Expr
testTuple6	Expr
testTuple7	Expr
testTuple8	[Expr]
testTuple9	[Expr]
testWhere	Expr
testWhere1	[Binding]
testWhere10	Expr
testWhere11	Int
testWhere12	Pattern
testWhere13	[Char]
testWhere15	Expr
testWhere16	Expr
testWhere17	[Char]
testWhere19	Expr
testWhere2	[Binding]
testWhere20	[Char]
testWhere3	(Pattern, Expr)
testWhere4	Expr
testWhere5	Int
testWhere6	Pattern
testWhere7	[Char]
testWhere9	(Pattern, Expr)
printTypeBinding	(String, Scheme) -> IO ()
processFile	FilePath -> IO ()
buildTypeDB	[TypeDBJson] -> TypeDB
extractTypeSigs	[String] -> [String]
extractTypeSigs1	[Char] -> Maybe[Char]
loadTypeDBFromJson	FilePath -> IO TypeDB
mergeTypeLines	[String] -> [String]
mergeTypeLines_go	[String] -> [[Char]] -> [[Char]] -> [String]
instances	TypeDBJson -> [String]RecSel Left TypeDBJson
module_	TypeDBJson -> Maybe String RecSel Left TypeDBJson
types	TypeDBJson -> [String]RecSel Left TypeDBJson
parseArrowType	Parsec String () Type
parseArrowType1	State[Char]() -> (Type -> State[Char]() -> ParseError -> Identity b) -> (ParseError -> Identity b) -> (Type -> State[Char]() -> ParseError -> Identity b) -> (ParseError -> Identity b) -> Identity b
parseAtomicType	Parsec String () Type
parseAtomicType1	State String () -> (Type -> State String () -> ParseError -> Identity b) -> (ParseError -> Identity b) -> (Type -> State String () -> ParseError -> Identity b) -> (ParseError -> Identity b) -> Identity b
parseTypeExpr	Parsec String () Type
parseTypeExpr1	State[Char]() -> (Type -> State[Char]() -> ParseError -> Identity b) -> (ParseError -> Identity b) -> (Type -> State[Char]() -> ParseError -> Identity b) -> (ParseError -> Identity b) -> Identity b
parseTypeExpr2	State String () -> (() -> State String () -> ParseError -> Identity b) -> (ParseError -> Identity b) -> (() -> State String () -> ParseError -> Identity b) -> (ParseError -> Identity b) -> Identity b
parseTypeExpr3	Stream String Identity Char
parseTypeExpr4	State[Char]() -> (Type -> State[Char]() -> ParseError -> Identity b1) -> (ParseError -> Identity b1) -> (Type -> State[Char]() -> ParseError -> Identity b1) -> (ParseError -> Identity b1) -> Identity b1
parseTypeExpr5	State String () -> (() -> State String () -> ParseError -> Identity b) -> (ParseError -> Identity b) -> (() -> State String () -> ParseError -> Identity b) -> (ParseError -> Identity b) -> Identity b
findMainModule	TypeDB -> Maybe ModuleName
mergeTypes	TypeDBJson -> TypeDBJson
chunksOf	Int -> [a] -> [[a]]
processFile2	FilePath -> IO ()
test	String -> Maybe[Decl] -> IO ()
expectError	Text -> Bool
runDeclBlock	(Int,[Text]) -> IO (Int, Bool)
runExprTest	(Int,[Text]) -> IO (Int, Bool)
splitBlocks	[Text] -> [[Text]]
splitBlocks1	[Text] -> Bool
splitBlocks10	[Char]
splitBlocks12	[Char]
splitBlocks14	[Char]
splitBlocks2	CallStack
splitBlocks3	SrcLoc
splitBlocks4	Int
splitBlocks5	Int
splitBlocks6	Int
splitBlocks7	Int
splitBlocks8	[Char]
splitBlocks_z	[[Text]]
strip	Text -> Text
